[
  {
    "Suburb": "Armadale",
    "LGA": "City of Armadale",
    "Email": "trolleyreports@armadale.wa.gov.au"
  },
  {
    "Suburb": "Ashendon",
    "LGA": "City of Armadale",
    "Email": "trolleyreports@armadale.wa.gov.au"
  },
  {
    "Suburb": "Bedfordale",
    "LGA": "City of Armadale",
    "Email": "trolleyreports@armadale.wa.gov.au"
  },
  {
    "Suburb": "Brookdale",
    "LGA": "City of Armadale",
    "Email": "trolleyreports@armadale.wa.gov.au"
  },
  {
    "Suburb": "Camillo",
    "LGA": "City of Armadale",
    "Email": "trolleyreports@armadale.wa.gov.au"
  },
  {
    "Suburb": "Champion Lakes",
    "LGA": "City of Armadale",
    "Email": "trolleyreports@armadale.wa.gov.au"
  },
  {
    "Suburb": "Doobarda",
    "LGA": "City of Armadale",
    "Email": "trolleyreports@armadale.wa.gov.au"
  },
  {
    "Suburb": "Forrestdale",
    "LGA": "City of Armadale",
    "Email": "trolleyreports@armadale.wa.gov.au"
  },
  {
    "Suburb": "Harrisdale",
    "LGA": "City of Armadale",
    "Email": "trolleyreports@armadale.wa.gov.au"
  },
  {
    "Suburb": "Haynes",
    "LGA": "City of Armadale",
    "Email": "trolleyreports@armadale.wa.gov.au"
  },
  {
    "Suburb": "Hilbert",
    "LGA": "City of Armadale",
    "Email": "trolleyreports@armadale.wa.gov.au"
  },
  {
    "Suburb": "Karragullen",
    "LGA": "City of Armadale",
    "Email": "trolleyreports@armadale.wa.gov.au"
  },
  {
    "Suburb": "Kelmscott",
    "LGA": "City of Armadale",
    "Email": "trolleyreports@armadale.wa.gov.au"
  },
  {
    "Suburb": "Mount Nasura",
    "LGA": "City of Armadale",
    "Email": "trolleyreports@armadale.wa.gov.au"
  },
  {
    "Suburb": "Mount Richon",
    "LGA": "City of Armadale",
    "Email": "trolleyreports@armadale.wa.gov.au"
  },
  {
    "Suburb": "Piara Waters",
    "LGA": "City of Armadale",
    "Email": "trolleyreports@armadale.wa.gov.au"
  },
  {
    "Suburb": "Roleystone",
    "LGA": "City of Armadale",
    "Email": "trolleyreports@armadale.wa.gov.au"
  },
  {
    "Suburb": "Seville Grove",
    "LGA": "City of Armadale",
    "Email": "trolleyreports@armadale.wa.gov.au"
  },
  {
    "Suburb": "Wungong",
    "LGA": "City of Armadale",
    "Email": "trolleyreports@armadale.wa.gov.au"
  },
  {
    "Suburb": "Ashfield",
    "LGA": "Town of Bassendean",
    "Email": "trolleyreports@bassendean.wa.gov.au"
  },
  {
    "Suburb": "Bassendean",
    "LGA": "Town of Bassendean",
    "Email": "trolleyreports@bassendean.wa.gov.au"
  },
  {
    "Suburb": "Eden Hill",
    "LGA": "Town of Bassendean",
    "Email": "trolleyreports@bassendean.wa.gov.au"
  },
  {
    "Suburb": "Bayswater",
    "LGA": "City of Bayswater",
    "Email": "trolleyreports@bayswater.wa.gov.au"
  },
  {
    "Suburb": "Bedford",
    "LGA": "City of Bayswater",
    "Email": "trolleyreports@bayswater.wa.gov.au"
  },
  {
    "Suburb": "Embleton",
    "LGA": "City of Bayswater",
    "Email": "trolleyreports@bayswater.wa.gov.au"
  },
  {
    "Suburb": "Maylands",
    "LGA": "City of Bayswater",
    "Email": "trolleyreports@bayswater.wa.gov.au"
  },
  {
    "Suburb": "Morley",
    "LGA": "City of Bayswater",
    "Email": "trolleyreports@bayswater.wa.gov.au"
  },
  {
    "Suburb": "Mount Lawley",
    "LGA": "City of Bayswater", 
    "Email": "trolleyreports@bayswater.wa.gov.au"
  },
  {
    "Suburb": "Noranda",
    "LGA": "City of Bayswater",
    "Email": "trolleyreports@bayswater.wa.gov.au"
  },
  {
    "Suburb": "Ascot",
    "LGA": "City of Belmont",
    "Email": "trolleyreports@belmont.wa.gov.au"
  },
  {
    "Suburb": "Belmont",
    "LGA": "City of Belmont",
    "Email": "trolleyreports@belmont.wa.gov.au"
  },
  {
    "Suburb": "Cloverdale",
    "LGA": "City of Belmont",
    "Email": "trolleyreports@belmont.wa.gov.au"
  },
  {
    "Suburb": "Kewdale",
    "LGA": "City of Belmont",
    "Email": "trolleyreports@belmont.wa.gov.au"
  },
  {
    "Suburb": "Perth Airport",
    "LGA": "City of Belmont",
    "Email": "trolleyreports@belmont.wa.gov.au"
  },
  {
    "Suburb": "Redcliffe",
    "LGA": "City of Belmont",
    "Email": "trolleyreports@belmont.wa.gov.au"
  },
  {
    "Suburb": "Rivervale",
    "LGA": "City of Belmont",
    "Email": "trolleyreports@belmont.wa.gov.au"
  },
  {
    "Suburb": "City Beach",
    "LGA": "Town of Cambridge",
    "Email": "trolleyreports@cambridge.wa.gov.au"
  },
  {
    "Suburb": "Floreat",
    "LGA": "Town of Cambridge",
    "Email": "trolleyreports@cambridge.wa.gov.au"
  },
  {
    "Suburb": "Jolimont",
    "LGA": "Town of Cambridge",
    "Email": "trolleyreports@cambridge.wa.gov.au"
  },
  {
    "Suburb": "Mount Claremont",
    "LGA": "Town of Cambridge",
    "Email": "trolleyreports@cambridge.wa.gov.au"
  },
  {
    "Suburb": "Wembley",
    "LGA": "Town of Cambridge",
    "Email": "trolleyreports@cambridge.wa.gov.au"
  },
  {
    "Suburb": "Wembley Downs",
    "LGA": "Town of Cambridge",
    "Email": "trolleyreports@cambridge.wa.gov.au"
  },
  {
    "Suburb": "West Leederville",
    "LGA": "Town of Cambridge",
    "Email": "trolleyreports@cambridge.wa.gov.au"
  },
  {
    "Suburb": "Bentley",
    "LGA": "City of Canning",
    "Email": "trolleyreports@canning.wa.gov.au"
  },
  {
    "Suburb": "Canning Vale",
    "LGA": "City of Canning",
    "Email": "trolleyreports@canning.wa.gov.au"
  },
  {
    "Suburb": "Cannington",
    "LGA": "City of Canning",
    "Email": "trolleyreports@canning.wa.gov.au"
  },
  {
    "Suburb": "East Cannington",
    "LGA": "City of Canning",
    "Email": "trolleyreports@canning.wa.gov.au"
  },
  {
    "Suburb": "Ferndale",
    "LGA": "City of Canning",
    "Email": "trolleyreports@canning.wa.gov.au"
  },
  {
    "Suburb": "Leeming",
    "LGA": "City of Canning",
    "Email": "trolleyreports@canning.wa.gov.au" 
  },
  {
    "Suburb": "Lynwood",
    "LGA": "City of Canning",
    "Email": "trolleyreports@canning.wa.gov.au"
  },
  {
    "Suburb": "Parkwood",
    "LGA": "City of Canning",
    "Email": "trolleyreports@canning.wa.gov.au"
  },
  {
    "Suburb": "Queens Park",
    "LGA": "City of Canning",
    "Email": "trolleyreports@canning.wa.gov.au"
  },
  {
    "Suburb": "Riverton",
    "LGA": "City of Canning",
    "Email": "trolleyreports@canning.wa.gov.au"
  },
  {
    "Suburb": "Rossmoyne",
    "LGA": "City of Canning",
    "Email": "trolleyreports@canning.wa.gov.au"
  },
  {
    "Suburb": "Shelley",
    "LGA": "City of Canning",
    "Email": "trolleyreports@canning.wa.gov.au"
  },
  {
    "Suburb": "St James",
    "LGA": "City of Canning",
    "Email": "trolleyreports@canning.wa.gov.au"
  },
  {
    "Suburb": "Welshpool",
    "LGA": "City of Canning",
    "Email": "trolleyreports@canning.wa.gov.au"
  },
  {
    "Suburb": "Willetton",
    "LGA": "City of Canning",
    "Email": "trolleyreports@canning.wa.gov.au"
  },
  {
    "Suburb": "Wilson",
    "LGA": "City of Canning",
    "Email": "trolleyreports@canning.wa.gov.au"
  },
  {
    "Suburb": "Claremont",
    "LGA": "Town of Claremont",
    "Email": "trolleyreports@claremont.wa.gov.au" 
  },
  {
    "Suburb": "Swanbourne",
    "LGA": "Town of Claremont",
    "Email": "trolleyreports@claremont.wa.gov.au"
  },
  {
    "Suburb": "Atwell",
    "LGA": "City of Cockburn",
    "Email": "trolleyreports@cockburn.wa.gov.au"
  },
  {
    "Suburb": "Aubin Grove",
    "LGA": "City of Cockburn",
    "Email": "trolleyreports@cockburn.wa.gov.au"
  },
  {
    "Suburb": "Banjup",
    "LGA": "City of Cockburn",
    "Email": "trolleyreports@cockburn.wa.gov.au"
  },
  {
    "Suburb": "Beeliar",
    "LGA": "City of Cockburn",
    "Email": "trolleyreports@cockburn.wa.gov.au"
  },
  {
    "Suburb": "Bibra Lake",
    "LGA": "City of Cockburn",
    "Email": "trolleyreports@cockburn.wa.gov.au"
  },
  {
    "Suburb": "Cockburn Central",
    "LGA": "City of Cockburn",
    "Email": "trolleyreports@cockburn.wa.gov.au"
  },
  {
    "Suburb": "Coogee",
    "LGA": "City of Cockburn",
    "Email": "trolleyreports@cockburn.wa.gov.au"
  },
  {
    "Suburb": "Coolbellup",
    "LGA": "City of Cockburn",
    "Email": "trolleyreports@cockburn.wa.gov.au"
  },
  {
    "Suburb": "Hamilton Hill",
    "LGA": "City of Cockburn",
    "Email": "trolleyreports@cockburn.wa.gov.au"
  },
  {
    "Suburb": "Hammond Park",
    "LGA": "City of Cockburn",
    "Email": "trolleyreports@cockburn.wa.gov.au"
  },
  {
    "Suburb": "Henderson",
    "LGA": "City of Cockburn",
    "Email": "trolleyreports@cockburn.wa.gov.au"
  },
  {
    "Suburb": "Jandakot",
    "LGA": "City of Cockburn",
    "Email": "trolleyreports@cockburn.wa.gov.au"
  },
  {
    "Suburb": "Lake Coogee",
    "LGA": "City of Cockburn",
    "Email": "trolleyreports@cockburn.wa.gov.au"
  },
  {
    "Suburb": "Munster",
    "LGA": "City of Cockburn",
    "Email": "trolleyreports@cockburn.wa.gov.au"
  },
  {
    "Suburb": "North Coogee",
    "LGA": "City of Cockburn",
    "Email": "trolleyreports@cockburn.wa.gov.au"
  },
  {
    "Suburb": "North Lake",
    "LGA": "City of Cockburn",
    "Email": "trolleyreports@cockburn.wa.gov.au"
  },
  {
    "Suburb": "Rottnest Island",
    "LGA": "City of Cockburn", 
    "Email": "trolleyreports@cockburn.wa.gov.au"
  },
  {
    "Suburb": "South Lake",
    "LGA": "City of Cockburn",
    "Email": "trolleyreports@cockburn.wa.gov.au"
  },
  {
    "Suburb": "Spearwood",
    "LGA": "City of Cockburn",
    "Email": "trolleyreports@cockburn.wa.gov.au"
  },
  {
    "Suburb": "Success",
    "LGA": "City of Cockburn",
    "Email": "trolleyreports@cockburn.wa.gov.au"
  },
  {
    "Suburb": "Treeby",
    "LGA": "City of Cockburn",
    "Email": "trolleyreports@cockburn.wa.gov.au"
  },
  {
    "Suburb": "Wattleup",
    "LGA": "City of Cockburn",
    "Email": "trolleyreports@cockburn.wa.gov.au"
  },
  {
    "Suburb": "Yangebup",
    "LGA": "City of Cockburn",
    "Email": "trolleyreports@cockburn.wa.gov.au"
  },
  {
    "Suburb": "Cottesloe",
    "LGA": "Town of Cottesloe",
    "Email": "trolleyreports@cottesloe.wa.gov.au"
  },
  {
    "Suburb": "East Fremantle",
    "LGA": "Town of East Fremantle",
    "Email": "trolleyreports@eastfremantle.wa.gov.au"
  },
  {
    "Suburb": "Beaconsfield",
    "LGA": "City of Fremantle",
    "Email": "trolleyreports@fremantle.wa.gov.au"
  },
  {
    "Suburb": "Fremantle",
    "LGA": "City of Fremantle",
    "Email": "trolleyreports@fremantle.wa.gov.au"
  },
  {
    "Suburb": "Hilton",
    "LGA": "City of Fremantle",
    "Email": "trolleyreports@fremantle.wa.gov.au"
  },
  {
    "Suburb": "North Fremantle",
    "LGA": "City of Fremantle",
    "Email": "trolleyreports@fremantle.wa.gov.au"
  },
  {
    "Suburb": "O'Connor",
    "LGA": "City of Fremantle",
    "Email": "trolleyreports@fremantle.wa.gov.au"
  },
  {
    "Suburb": "Samson",
    "LGA": "City of Fremantle",
    "Email": "trolleyreports@fremantle.wa.gov.au"
  },
  {
    "Suburb": "South Fremantle",
    "LGA": "City of Fremantle",
    "Email": "trolleyreports@fremantle.wa.gov.au"
  },
  {
    "Suburb": "White Gum Valley",
    "LGA": "City of Fremantle",
    "Email": "trolleyreports@fremantle.wa.gov.au"
  },
  {
    "Suburb": "Beckenham",
    "LGA": "City of Gosnells",
    "Email": "trolleyreports@gosnells.wa.gov.au"
  },
  {
    "Suburb": "Gosnells",
    "LGA": "City of Gosnells",
    "Email": "trolleyreports@gosnells.wa.gov.au"
  },
  {
    "Suburb": "Huntingdale",
    "LGA": "City of Gosnells",
    "Email": "trolleyreports@gosnells.wa.gov.au"
  },
  {
    "Suburb": "Kenwick",
    "LGA": "City of Gosnells",
    "Email": "trolleyreports@gosnells.wa.gov.au"
  },
  {
    "Suburb": "Langford",
    "LGA": "City of Gosnells",
    "Email": "trolleyreports@gosnells.wa.gov.au"
  },
  {
    "Suburb": "Maddington",
    "LGA": "City of Gosnells",
    "Email": "trolleyreports@gosnells.wa.gov.au"
  },
  {
    "Suburb": "Martin",
    "LGA": "City of Gosnells",
    "Email": "trolleyreports@gosnells.wa.gov.au"
  },
  {
    "Suburb": "Orange Grove",
    "LGA": "City of Gosnells",
    "Email": "trolleyreports@gosnells.wa.gov.au"
  },
  {
    "Suburb": "Southern River",
    "LGA": "City of Gosnells",
    "Email": "trolleyreports@gosnells.wa.gov.au"
  },
  {
    "Suburb": "Thornlie",
    "LGA": "City of Gosnells",
    "Email": "trolleyreports@gosnells.wa.gov.au"
  },
  {
    "Suburb": "Beldon",
    "LGA": "City of Joondalup",
    "Email": "trolleyreports@joondalup.wa.gov.au"
  },
  {
    "Suburb": "Burns Beach",
    "LGA": "City of Joondalup",
    "Email": "trolleyreports@joondalup.wa.gov.au"
  },
  {
    "Suburb": "Connolly",
    "LGA": "City of Joondalup",
    "Email": "trolleyreports@joondalup.wa.gov.au"
  },
  {
    "Suburb": "Craigie",
    "LGA": "City of Joondalup",
    "Email": "trolleyreports@joondalup.wa.gov.au"
  },
  {
    "Suburb": "Currambine",
    "LGA": "City of Joondalup",
    "Email": "trolleyreports@joondalup.wa.gov.au"
  },
  {
    "Suburb": "Duncraig",
    "LGA": "City of Joondalup",
    "Email": "trolleyreports@joondalup.wa.gov.au"
  },
  {
    "Suburb": "Edgewater",
    "LGA": "City of Joondalup",
    "Email": "trolleyreports@joondalup.wa.gov.au"
  },
  {
    "Suburb": "Greenwood",
    "LGA": "City of Joondalup",
    "Email": "trolleyreports@joondalup.wa.gov.au"
  },
  {
    "Suburb": "Heathridge",
    "LGA": "City of Joondalup",
    "Email": "trolleyreports@joondalup.wa.gov.au"
  },
  {
    "Suburb": "Hillarys",
    "LGA": "City of Joondalup",
    "Email": "trolleyreports@joondalup.wa.gov.au"
  },
  {
    "Suburb": "Iluka",
    "LGA": "City of Joondalup",
    "Email": "trolleyreports@joondalup.wa.gov.au"
  },
  {
    "Suburb": "Joondalup",
    "LGA": "City of Joondalup",
    "Email": "trolleyreports@joondalup.wa.gov.au"
  },
  {
    "Suburb": "Kallaroo",
    "LGA": "City of Joondalup",
    "Email": "trolleyreports@joondalup.wa.gov.au"
  },
  {
    "Suburb": "Kingsley",
    "LGA": "City of Joondalup",
    "Email": "trolleyreports@joondalup.wa.gov.au"
  },
  {
    "Suburb": "Kinross",
    "LGA": "City of Joondalup",
    "Email": "trolleyreports@joondalup.wa.gov.au"
  },
  {
    "Suburb": "Marmion",
    "LGA": "City of Joondalup",
    "Email": "trolleyreports@joondalup.wa.gov.au"
  },
  {
    "Suburb": "Mullaloo",
    "LGA": "City of Joondalup",
    "Email": "trolleyreports@joondalup.wa.gov.au"
  },
  {
    "Suburb": "Ocean Reef",
    "LGA": "City of Joondalup",
    "Email": "trolleyreports@joondalup.wa.gov.au"
  },
  {
    "Suburb": "Padbury",
    "LGA": "City of Joondalup",
    "Email": "trolleyreports@joondalup.wa.gov.au"
  },
  {
    "Suburb": "Sorrento",
    "LGA": "City of Joondalup",
    "Email": "trolleyreports@joondalup.wa.gov.au"
  },
  {
    "Suburb": "Warwick",
    "LGA": "City of Joondalup",
    "Email": "trolleyreports@joondalup.wa.gov.au"
  },
  {
    "Suburb": "Woodvale",
    "LGA": "City of Joondalup",
    "Email": "trolleyreports@joondalup.wa.gov.au"
  },
  {
    "Suburb": "Bickley",
    "LGA": "City of Kalamunda",
    "Email": "trolleyreports@kalamunda.wa.gov.au"
  },
  {
    "Suburb": "Canning Mills",
    "LGA": "City of Kalamunda",
    "Email": "trolleyreports@kalamunda.wa.gov.au"
  },
  {
    "Suburb": "Carmel",
    "LGA": "City of Kalamunda",
    "Email": "trolleyreports@kalamunda.wa.gov.au"
  },
  {
    "Suburb": "Forrestfield",
    "LGA": "City of Kalamunda",
    "Email": "trolleyreports@kalamunda.wa.gov.au"
  },
  {
    "Suburb": "Gooseberry Hill",
    "LGA": "City of Kalamunda",
    "Email": "trolleyreports@kalamunda.wa.gov.au"
  },
  {
    "Suburb": "Hacketts Gully",
    "LGA": "City of Kalamunda",
    "Email": "trolleyreports@kalamunda.wa.gov.au"
  },
  {
    "Suburb": "High Wycombe",
    "LGA": "City of Kalamunda",
    "Email": "trolleyreports@kalamunda.wa.gov.au"
  },
  {
    "Suburb": "Kalamunda",
    "LGA": "City of Kalamunda",
    "Email": "trolleyreports@kalamunda.wa.gov.au"
  },
  {
    "Suburb": "Lesmurdie",
    "LGA": "City of Kalamunda",
    "Email": "trolleyreports@kalamunda.wa.gov.au"
  },
  {
    "Suburb": "Maida Vale",
    "LGA": "City of Kalamunda",
    "Email": "trolleyreports@kalamunda.wa.gov.au"
  },
  {
    "Suburb": "Paulls Valley",
    "LGA": "City of Kalamunda",
    "Email": "trolleyreports@kalamunda.wa.gov.au"
  },
  {
    "Suburb": "Pickering Brook",
    "LGA": "City of Kalamunda",
    "Email": "trolleyreports@kalamunda.wa.gov.au"
  },
  {
    "Suburb": "Piesse Brook",
    "LGA": "City of Kalamunda",
    "Email": "trolleyreports@kalamunda.wa.gov.au"
  },
  {
    "Suburb": "Reservoir",
    "LGA": "City of Kalamunda",
    "Email": "trolleyreports@kalamunda.wa.gov.au"
  },
  {
    "Suburb": "Walliston",
    "LGA": "City of Kalamunda",
    "Email": "trolleyreports@kalamunda.wa.gov.au"
  },
  {
    "Suburb": "Wattle Grove",
    "LGA": "City of Kalamunda",
    "Email": "trolleyreports@kalamunda.wa.gov.au"
  },
  {
    "Suburb": "Anketell",
    "LGA": "City of Kwinana",
    "Email": "trolleyreports@kwinana.wa.gov.au"
  },
  {
    "Suburb": "Bertram",
    "LGA": "City of Kwinana",
    "Email": "trolleyreports@kwinana.wa.gov.au"
  },
  {
    "Suburb": "Calista",
    "LGA": "City of Kwinana",
    "Email": "trolleyreports@kwinana.wa.gov.au"
  },
  {
    "Suburb": "Casuarina",
    "LGA": "City of Kwinana",
    "Email": "trolleyreports@kwinana.wa.gov.au"
  },
  {
    "Suburb": "Hope Valley",
    "LGA": "City of Kwinana",
    "Email": "trolleyreports@kwinana.wa.gov.au"
  },
  {
    "Suburb": "Kwinana Beach",
    "LGA": "City of Kwinana",
    "Email": "trolleyreports@kwinana.wa.gov.au"
  },
  {
    "Suburb": "Kwinana Town Centre",
    "LGA": "City of Kwinana",
    "Email": "trolleyreports@kwinana.wa.gov.au"
  },
  {
    "Suburb": "Leda",
    "LGA": "City of Kwinana",
    "Email": "trolleyreports@kwinana.wa.gov.au"
  },
  {
    "Suburb": "Mandogalup",
    "LGA": "City of Kwinana",
    "Email": "trolleyreports@kwinana.wa.gov.au"
  },
  {
    "Suburb": "Medina",
    "LGA": "City of Kwinana",
    "Email": "trolleyreports@kwinana.wa.gov.au"
  },
  {
    "Suburb": "Naval Base",
    "LGA": "City of Kwinana",
    "Email": "trolleyreports@kwinana.wa.gov.au"
  },
  {
    "Suburb": "Orelia",
    "LGA": "City of Kwinana",
    "Email": "trolleyreports@kwinana.wa.gov.au"
  },
  {
    "Suburb": "Parmelia",
    "LGA": "City of Kwinana",
    "Email": "trolleyreports@kwinana.wa.gov.au"
  },
  {
    "Suburb": "Postans",
    "LGA": "City of Kwinana",
    "Email": "trolleyreports@kwinana.wa.gov.au"
  },
  {
    "Suburb": "The Spectacles",
    "LGA": "City of Kwinana",
    "Email": "trolleyreports@kwinana.wa.gov.au"
  },
  {
    "Suburb": "Wandi",
    "LGA": "City of Kwinana",
    "Email": "trolleyreports@kwinana.wa.gov.au"
  },
  {
    "Suburb": "Wellard",
    "LGA": "City of Kwinana",
    "Email": "trolleyreports@kwinana.wa.gov.au"
  },
  {
    "Suburb": "Alfred Cove",
    "LGA": "City of Melville",
    "Email": "trolleyreports@melville.wa.gov.au"
  },
  {
    "Suburb": "Applecross",
    "LGA": "City of Melville",
    "Email": "trolleyreports@melville.wa.gov.au"
  },
  {
    "Suburb": "Ardross",
    "LGA": "City of Melville",
    "Email": "trolleyreports@melville.wa.gov.au"
  },
  {
    "Suburb": "Attadale",
    "LGA": "City of Melville",
    "Email": "trolleyreports@melville.wa.gov.au"
  },
  {
    "Suburb": "Bateman",
    "LGA": "City of Melville",
    "Email": "trolleyreports@melville.wa.gov.au"
  },
  {
    "Suburb": "Bicton",
    "LGA": "City of Melville",
    "Email": "trolleyreports@melville.wa.gov.au"
  },
  {
    "Suburb": "Booragoon",
    "LGA": "City of Melville",
    "Email": "trolleyreports@melville.wa.gov.au"
  },
  {
    "Suburb": "Brentwood",
    "LGA": "City of Melville",
    "Email": "trolleyreports@melville.wa.gov.au"
  },
  {
    "Suburb": "Bull Creek",
    "LGA": "City of Melville",
    "Email": "trolleyreports@melville.wa.gov.au"
  },
  {
    "Suburb": "Kardinya",
    "LGA": "City of Melville",
    "Email": "trolleyreports@melville.wa.gov.au"
  },
  {
    "Suburb": "Melville",
    "LGA": "City of Melville",
    "Email": "trolleyreports@melville.wa.gov.au"
  },
  {
    "Suburb": "Mount Pleasant",
    "LGA": "City of Melville",
    "Email": "trolleyreports@melville.wa.gov.au"
  },
  {
    "Suburb": "Murdoch",
    "LGA": "City of Melville",
    "Email": "trolleyreports@melville.wa.gov.au"
  },
  {
    "Suburb": "Myaree",
    "LGA": "City of Melville",
    "Email": "trolleyreports@melville.wa.gov.au"
  },
  {
    "Suburb": "Palmyra",
    "LGA": "City of Melville",
    "Email": "trolleyreports@melville.wa.gov.au"
  },
  {
    "Suburb": "Willagee",
    "LGA": "City of Melville",
    "Email": "trolleyreports@melville.wa.gov.au"
  },
  {
    "Suburb": "Winthrop",
    "LGA": "City of Melville",
    "Email": "trolleyreports@melville.wa.gov.au"
  },
  {
    "Suburb": "Mosman Park",
    "LGA": "Town of Mosman Park",
    "Email": "trolleyreports@mosmanpark.wa.gov.au"
  },
  {
    "Suburb": "Bailup",
    "LGA": "Shire of Mundaring",
    "Email": "trolleyreports@mundaring.wa.gov.au"
  },
  {
    "Suburb": "Beechina",
    "LGA": "Shire of Mundaring",
    "Email": "trolleyreports@mundaring.wa.gov.au"
  },
  {
    "Suburb": "Bellevue",
    "LGA": "Shire of Mundaring",
    "Email": "trolleyreports@mundaring.wa.gov.au"
  },
  {
    "Suburb": "Boya",
    "LGA": "Shire of Mundaring",
    "Email": "trolleyreports@mundaring.wa.gov.au"
  },
  {
    "Suburb": "Chidlow",
    "LGA": "Shire of Mundaring",
    "Email": "trolleyreports@mundaring.wa.gov.au"
  },
  {
    "Suburb": "Darlington",
    "LGA": "Shire of Mundaring",
    "Email": "trolleyreports@mundaring.wa.gov.au"
  },
  {
    "Suburb": "Glen Forrest",
    "LGA": "Shire of Mundaring",
    "Email": "trolleyreports@mundaring.wa.gov.au"
  },
  {
    "Suburb": "Gorrie",
    "LGA": "Shire of Mundaring",
    "Email": "trolleyreports@mundaring.wa.gov.au"
  },
  {
    "Suburb": "Greenmount",
    "LGA": "Shire of Mundaring",
    "Email": "trolleyreports@mundaring.wa.gov.au"
  },
  {
    "Suburb": "Helena Valley",
    "LGA": "Shire of Mundaring",
    "Email": "trolleyreports@mundaring.wa.gov.au"
  },
  {
    "Suburb": "Hovea",
    "LGA": "Shire of Mundaring",
    "Email": "trolleyreports@mundaring.wa.gov.au"
  },
  {
    "Suburb": "Mahogany Creek",
    "LGA": "Shire of Mundaring",
    "Email": "trolleyreports@mundaring.wa.gov.au"
  },
  {
    "Suburb": "Midvale",
    "LGA": "Shire of Mundaring",
    "Email": "trolleyreports@mundaring.wa.gov.au"
  },
  {
    "Suburb": "Mount Helena",
    "LGA": "Shire of Mundaring",
    "Email": "trolleyreports@mundaring.wa.gov.au"
  },
  {
    "Suburb": "Mundaring",
    "LGA": "Shire of Mundaring",
    "Email": "trolleyreports@mundaring.wa.gov.au"
  },
  {
    "Suburb": "Parkerville",
    "LGA": "Shire of Mundaring",
    "Email": "trolleyreports@mundaring.wa.gov.au"
  },
  {
    "Suburb": "Sawyers Valley",
    "LGA": "Shire of Mundaring",
    "Email": "trolleyreports@mundaring.wa.gov.au"
  },
  {
    "Suburb": "Stoneville",
    "LGA": "Shire of Mundaring",
    "Email": "trolleyreports@mundaring.wa.gov.au"
  },
  {
    "Suburb": "Swan View",
    "LGA": "Shire of Mundaring",
    "Email": "trolleyreports@mundaring.wa.gov.au"
  },
  {
    "Suburb": "The Lakes",
    "LGA": "Shire of Mundaring",
    "Email": "trolleyreports@mundaring.wa.gov.au"
  },
  {
    "Suburb": "Wooroloo",
    "LGA": "Shire of Mundaring",
    "Email": "trolleyreports@mundaring.wa.gov.au"
  },
  {
    "Suburb": "Keralup",
    "LGA": "Shire of Murray",
    "Email": "trolleyreports@murray.wa.gov.au"
  },
  {
    "Suburb": "Dalkeith",
    "LGA": "City of Nedlands",
    "Email": "trolleyreports@nedlands.wa.gov.au"
  },
  {
    "Suburb": "Karrakatta",
    "LGA": "City of Nedlands",
    "Email": "trolleyreports@nedlands.wa.gov.au"
  },
  {
    "Suburb": "Nedlands",
    "LGA": "City of Nedlands",
    "Email": "trolleyreports@nedlands.wa.gov.au"
  },
  {
    "Suburb": "Shenton Park",
    "LGA": "City of Nedlands",
    "Email": "trolleyreports@nedlands.wa.gov.au"
  },
  {
    "Suburb": "Peppermint Grove",
    "LGA": "Shire of Peppermint Grove",
    "Email": "trolleyreports@peppermintgrove.wa.gov.au"
  },
  {
    "Suburb": "Crawley",
    "LGA": "City of Perth",
    "Email": "trolleyreports@cityofperth.wa.gov.au"
  },
  {
    "Suburb": "East Perth",
    "LGA": "City of Perth",
    "Email": "trolleyreports@cityofperth.wa.gov.au"
  },
  {
    "Suburb": "Northbridge",
    "LGA": "City of Perth",
    "Email": "trolleyreports@cityofperth.wa.gov.au"
  },
  {
    "Suburb": "Perth",
    "LGA": "City of Perth",
    "Email": "trolleyreports@cityofperth.wa.gov.au"
  },
  {
    "Suburb": "West Perth",
    "LGA": "City of Perth",
    "Email": "trolleyreports@cityofperth.wa.gov.au"
  },
  {
    "Suburb": "Baldivis",
    "LGA": "City of Rockingham",
    "Email": "trolleyreports@rockingham.wa.gov.au"
  },
  {
    "Suburb": "Cooloongup",
    "LGA": "City of Rockingham",
    "Email": "trolleyreports@rockingham.wa.gov.au"
  },
  {
    "Suburb": "East Rockingham",
    "LGA": "City of Rockingham",
    "Email": "trolleyreports@rockingham.wa.gov.au"
  },
  {
    "Suburb": "Garden Island",
    "LGA": "City of Rockingham",
    "Email": "trolleyreports@rockingham.wa.gov.au"
  },
  {
    "Suburb": "Golden Bay",
    "LGA": "City of Rockingham",
    "Email": "trolleyreports@rockingham.wa.gov.au"
  },
  {
    "Suburb": "Hillman",
    "LGA": "City of Rockingham",
    "Email": "trolleyreports@rockingham.wa.gov.au"
  },
  {
    "Suburb": "Karnup",
    "LGA": "City of Rockingham",
    "Email": "trolleyreports@rockingham.wa.gov.au"
  },
  {
    "Suburb": "Peron",
    "LGA": "City of Rockingham",
    "Email": "trolleyreports@rockingham.wa.gov.au"
  },
  {
    "Suburb": "Port Kennedy",
    "LGA": "City of Rockingham",
    "Email": "trolleyreports@rockingham.wa.gov.au"
  },
  {
    "Suburb": "Rockingham",
    "LGA": "City of Rockingham",
    "Email": "trolleyreports@rockingham.wa.gov.au"
  },
  {
    "Suburb": "Safety Bay",
    "LGA": "City of Rockingham",
    "Email": "trolleyreports@rockingham.wa.gov.au"
  },
  {
    "Suburb": "Secret Harbour",
    "LGA": "City of Rockingham",
    "Email": "trolleyreports@rockingham.wa.gov.au"
  },
  {
    "Suburb": "Shoalwater",
    "LGA": "City of Rockingham",
    "Email": "trolleyreports@rockingham.wa.gov.au"
  },
  {
    "Suburb": "Singleton",
    "LGA": "City of Rockingham",
    "Email": "trolleyreports@rockingham.wa.gov.au"
  },
  {
    "Suburb": "Waikiki",
    "LGA": "City of Rockingham",
    "Email": "trolleyreports@rockingham.wa.gov.au"
  },
  {
    "Suburb": "Warnbro",
    "LGA": "City of Rockingham",
    "Email": "trolleyreports@rockingham.wa.gov.au"
  },
  {
    "Suburb": "Byford",
    "LGA": "Shire of Serpentine-Jarrahdale",
    "Email": "trolleyreports@sjshire.wa.gov.au"
  },
  {
    "Suburb": "Cardup",
    "LGA": "Shire of Serpentine-Jarrahdale",
    "Email": "trolleyreports@sjshire.wa.gov.au"
  },
  {
    "Suburb": "Darling Downs",
    "LGA": "Shire of Serpentine-Jarrahdale",
    "Email": "trolleyreports@sjshire.wa.gov.au"
  },
  {
    "Suburb": "Hopeland",
    "LGA": "Shire of Serpentine-Jarrahdale",
    "Email": "trolleyreports@sjshire.wa.gov.au"
  },
  {
    "Suburb": "Jarrahdale",
    "LGA": "Shire of Serpentine-Jarrahdale",
    "Email": "trolleyreports@sjshire.wa.gov.au"
  },
  {
    "Suburb": "Karrakup",
    "LGA": "Shire of Serpentine-Jarrahdale",
    "Email": "trolleyreports@sjshire.wa.gov.au"
  },
  {
    "Suburb": "Keysbrook",
    "LGA": "Shire of Serpentine-Jarrahdale",
    "Email": "trolleyreports@sjshire.wa.gov.au"
  },
  {
    "Suburb": "Mardella",
    "LGA": "Shire of Serpentine-Jarrahdale",
    "Email": "trolleyreports@sjshire.wa.gov.au"
  },
  {
    "Suburb": "Mundijong",
    "LGA": "Shire of Serpentine-Jarrahdale",
    "Email": "trolleyreports@sjshire.wa.gov.au"
  },
  {
    "Suburb": "Oakford",
    "LGA": "Shire of Serpentine-Jarrahdale",
    "Email": "trolleyreports@sjshire.wa.gov.au"
  },
  {
    "Suburb": "Oldbury",
    "LGA": "Shire of Serpentine-Jarrahdale",
    "Email": "trolleyreports@sjshire.wa.gov.au"
  },
  {
    "Suburb": "Serpentine",
    "LGA": "Shire of Serpentine-Jarrahdale",
    "Email": "trolleyreports@sjshire.wa.gov.au"
  },
  {
    "Suburb": "Whitby",
    "LGA": "Shire of Serpentine-Jarrahdale",
    "Email": "trolleyreports@sjshire.wa.gov.au"
  },
  {
    "Suburb": "Como",
    "LGA": "City of South Perth",
    "Email": "trolleyreports@southperth.wa.gov.au"
  },
  {
    "Suburb": "Karawara",
    "LGA": "City of South Perth",
    "Email": "trolleyreports@southperth.wa.gov.au"
  },
  {
    "Suburb": "Kensington",
    "LGA": "City of South Perth",
    "Email": "trolleyreports@southperth.wa.gov.au"
  },
  {
    "Suburb": "Manning",
    "LGA": "City of South Perth",
    "Email": "trolleyreports@southperth.wa.gov.au"
  },
  {
    "Suburb": "Salter Point",
    "LGA": "City of South Perth",
    "Email": "trolleyreports@southperth.wa.gov.au"
  },
  {
    "Suburb": "South Perth",
    "LGA": "City of South Perth",
    "Email": "trolleyreports@southperth.wa.gov.au"
  },
  {
    "Suburb": "Waterford",
    "LGA": "City of South Perth",
    "Email": "trolleyreports@southperth.wa.gov.au"
  },
  {
    "Suburb": "Balcatta",
    "LGA": "City of Stirling",
    "Email": "trolleyreports@stirling.wa.gov.au"
  },
  {
    "Suburb": "Balga",
    "LGA": "City of Stirling",
    "Email": "trolleyreports@stirling.wa.gov.au"
  },
  {
    "Suburb": "Carine",
    "LGA": "City of Stirling",
    "Email": "trolleyreports@stirling.wa.gov.au"
  },
  {
    "Suburb": "Churchlands",
    "LGA": "City of Stirling",
    "Email": "trolleyreports@stirling.wa.gov.au"
  },
  {
    "Suburb": "Coolbinia",
    "LGA": "City of Stirling",
    "Email": "trolleyreports@stirling.wa.gov.au"
  },
  {
    "Suburb": "Dianella",
    "LGA": "City of Stirling",
    "Email": "trolleyreports@stirling.wa.gov.au"
  },
  {
    "Suburb": "Doubleview",
    "LGA": "City of Stirling",
    "Email": "trolleyreports@stirling.wa.gov.au"
  },
  {
    "Suburb": "Glendalough",
    "LGA": "City of Stirling",
    "Email": "trolleyreports@stirling.wa.gov.au"
  },
  {
    "Suburb": "Gwelup",
    "LGA": "City of Stirling",
    "Email": "trolleyreports@stirling.wa.gov.au"
  },
  {
    "Suburb": "Hamersley",
    "LGA": "City of Stirling",
    "Email": "trolleyreports@stirling.wa.gov.au"
  },
  {
    "Suburb": "Herdsman",
    "LGA": "City of Stirling",
    "Email": "trolleyreports@stirling.wa.gov.au"
  },
  {
    "Suburb": "Inglewood",
    "LGA": "City of Stirling",
    "Email": "trolleyreports@stirling.wa.gov.au"
  },
  {
    "Suburb": "Innaloo",
    "LGA": "City of Stirling",
    "Email": "trolleyreports@stirling.wa.gov.au"
  },
  {
    "Suburb": "Joondanna",
    "LGA": "City of Stirling",
    "Email": "trolleyreports@stirling.wa.gov.au"
  },
  {
    "Suburb": "Karrinyup",
    "LGA": "City of Stirling",
    "Email": "trolleyreports@stirling.wa.gov.au"
  },
  {
    "Suburb": "Menora",
    "LGA": "City of Stirling",
    "Email": "trolleyreports@stirling.wa.gov.au"
  },
  {
    "Suburb": "Mirrabooka",
    "LGA": "City of Stirling",
    "Email": "trolleyreports@stirling.wa.gov.au"
  },
  {
    "Suburb": "Nollamara",
    "LGA": "City of Stirling",
    "Email": "trolleyreports@stirling.wa.gov.au"
  },
  {
    "Suburb": "North Beach",
    "LGA": "City of Stirling",
    "Email": "trolleyreports@stirling.wa.gov.au"
  },
  {
    "Suburb": "Osborne Park",
    "LGA": "City of Stirling",
    "Email": "trolleyreports@stirling.wa.gov.au"
  },
  {
    "Suburb": "Scarborough",
    "LGA": "City of Stirling",
    "Email": "trolleyreports@stirling.wa.gov.au"
  },
  {
    "Suburb": "Stirling",
    "LGA": "City of Stirling",
    "Email": "trolleyreports@stirling.wa.gov.au"
  },
  {
    "Suburb": "Trigg",
    "LGA": "City of Stirling",
    "Email": "trolleyreports@stirling.wa.gov.au"
  },
  {
    "Suburb": "Tuart Hill",
    "LGA": "City of Stirling",
    "Email": "trolleyreports@stirling.wa.gov.au"
  },
  {
    "Suburb": "Watermans Bay",
    "LGA": "City of Stirling",
    "Email": "trolleyreports@stirling.wa.gov.au"
  },
  {
    "Suburb": "Westminster",
    "LGA": "City of Stirling",
    "Email": "trolleyreports@stirling.wa.gov.au"
  },
  {
    "Suburb": "Woodlands",
    "LGA": "City of Stirling",
    "Email": "trolleyreports@stirling.wa.gov.au"
  },
  {
    "Suburb": "Yokine",
    "LGA": "City of Stirling",
    "Email": "trolleyreports@stirling.wa.gov.au"
  },
  {
    "Suburb": "Daglish",
    "LGA": "City of Subiaco",
    "Email": "trolleyreports@subiaco.wa.gov.au"
  },
  {
    "Suburb": "Subiaco",
    "LGA": "City of Subiaco",
    "Email": "trolleyreports@subiaco.wa.gov.au"
  },
  {
    "Suburb": "Aveley",
    "LGA": "City of Swan",
    "Email": "trolleyreports@swan.wa.gov.au"
  },
  {
    "Suburb": "Ballajura",
    "LGA": "City of Swan",
    "Email": "trolleyreports@swan.wa.gov.au"
  },
  {
    "Suburb": "Baskerville",
    "LGA": "City of Swan",
    "Email": "trolleyreports@swan.wa.gov.au"
  },
  {
    "Suburb": "Beechboro",
    "LGA": "City of Swan",
    "Email": "trolleyreports@swan.wa.gov.au"
  },
  {
    "Suburb": "Belhus",
    "LGA": "City of Swan",
    "Email": "trolleyreports@swan.wa.gov.au"
  },
  {
    "Suburb": "Bennett Springs",
    "LGA": "City of Swan",
    "Email": "trolleyreports@swan.wa.gov.au"
  },
  {
    "Suburb": "Brabham",
    "LGA": "City of Swan",
    "Email": "trolleyreports@swan.wa.gov.au"
  },
  {
    "Suburb": "Brigadoon",
    "LGA": "City of Swan",
    "Email": "trolleyreports@swan.wa.gov.au"
  },
  {
    "Suburb": "Bullsbrook",
    "LGA": "City of Swan",
    "Email": "trolleyreports@swan.wa.gov.au"
  },
  {
    "Suburb": "Bushmead",
    "LGA": "City of Swan",
    "Email": "trolleyreports@swan.wa.gov.au"
  },
  {
    "Suburb": "Caversham",
    "LGA": "City of Swan",
    "Email": "trolleyreports@swan.wa.gov.au"
  },
  {
    "Suburb": "Cullacabardee",
    "LGA": "City of Swan",
    "Email": "trolleyreports@swan.wa.gov.au"
  },
  {
    "Suburb": "Dayton",
    "LGA": "City of Swan",
    "Email": "trolleyreports@swan.wa.gov.au"
  },
  {
    "Suburb": "Ellenbrook",
    "LGA": "City of Swan",
    "Email": "trolleyreports@swan.wa.gov.au"
  },
  {
    "Suburb": "Gidgegannup",
    "LGA": "City of Swan",
    "Email": "trolleyreports@swan.wa.gov.au"
  },
  {
    "Suburb": "Guildford",
    "LGA": "City of Swan",
    "Email": "trolleyreports@swan.wa.gov.au"
  },
  {
    "Suburb": "Hazelmere",
    "LGA": "City of Swan",
    "Email": "trolleyreports@swan.wa.gov.au"
  },
  {
    "Suburb": "Henley Brook",
    "LGA": "City of Swan",
    "Email": "trolleyreports@swan.wa.gov.au"
  },
  {
    "Suburb": "Herne Hill",
    "LGA": "City of Swan",
    "Email": "trolleyreports@swan.wa.gov.au"
  },
  {
    "Suburb": "Jane Brook",
    "LGA": "City of Swan",
    "Email": "trolleyreports@swan.wa.gov.au"
  },
  {
    "Suburb": "Kiara",
    "LGA": "City of Swan",
    "Email": "trolleyreports@swan.wa.gov.au"
  },
  {
    "Suburb": "Koongamia",
    "LGA": "City of Swan",
    "Email": "trolleyreports@swan.wa.gov.au"
  },
  {
    "Suburb": "Lexia",
    "LGA": "City of Swan",
    "Email": "trolleyreports@swan.wa.gov.au"
  },
  {
    "Suburb": "Lockridge",
    "LGA": "City of Swan",
    "Email": "trolleyreports@swan.wa.gov.au"
  },
  {
    "Suburb": "Malaga",
    "LGA": "City of Swan",
    "Email": "trolleyreports@swan.wa.gov.au"
  },
  {
    "Suburb": "Melaleuca",
    "LGA": "City of Swan",
    "Email": "trolleyreports@swan.wa.gov.au"
  },
  {
    "Suburb": "Middle Swan",
    "LGA": "City of Swan",
    "Email": "trolleyreports@swan.wa.gov.au"
  },
  {
    "Suburb": "Midland",
    "LGA": "City of Swan",
    "Email": "trolleyreports@swan.wa.gov.au"
  },
  {
    "Suburb": "Millendon",
    "LGA": "City of Swan",
    "Email": "trolleyreports@swan.wa.gov.au"
  },
  {
    "Suburb": "Red Hill",
    "LGA": "City of Swan",
    "Email": "trolleyreports@swan.wa.gov.au"
  },
  {
    "Suburb": "South Guildford",
    "LGA": "City of Swan",
    "Email": "trolleyreports@swan.wa.gov.au"
  },
  {
    "Suburb": "Stratton",
    "LGA": "City of Swan",
    "Email": "trolleyreports@swan.wa.gov.au"
  },
  {
    "Suburb": "The Vines",
    "LGA": "City of Swan",
    "Email": "trolleyreports@swan.wa.gov.au"
  },
  {
    "Suburb": "Upper Swan",
    "LGA": "City of Swan",
    "Email": "trolleyreports@swan.wa.gov.au"
  },
  {
    "Suburb": "Viveash",
    "LGA": "City of Swan",
    "Email": "trolleyreports@swan.wa.gov.au"
  },
  {
    "Suburb": "West Swan",
    "LGA": "City of Swan",
    "Email": "trolleyreports@swan.wa.gov.au"
  },
  {
    "Suburb": "Whiteman",
    "LGA": "City of Swan",
    "Email": "trolleyreports@swan.wa.gov.au"
  },
  {
    "Suburb": "Woodbridge",
    "LGA": "City of Swan",
    "Email": "trolleyreports@swan.wa.gov.au"
  },
  {
    "Suburb": "Burswood",
    "LGA": "Town of Victoria Park",
    "Email": "trolleyreports@vicpark.wa.gov.au"
  },
  {
    "Suburb": "Carlisle",
    "LGA": "Town of Victoria Park",
    "Email": "trolleyreports@vicpark.wa.gov.au"
  },
  {
    "Suburb": "East Victoria Park",
    "LGA": "Town of Victoria Park",
    "Email": "trolleyreports@vicpark.wa.gov.au"
  },
  {
    "Suburb": "Lathlain",
    "LGA": "Town of Victoria Park",
    "Email": "trolleyreports@vicpark.wa.gov.au"
  },
  {
    "Suburb": "Victoria Park",
    "LGA": "Town of Victoria Park",
    "Email": "trolleyreports@vicpark.wa.gov.au"
  },
  {
    "Suburb": "Highgate",
    "LGA": "City of Vincent",
    "Email": "trolleyreports@vincent.wa.gov.au"
  },
  {
    "Suburb": "Leederville",
    "LGA": "City of Vincent",
    "Email": "trolleyreports@vincent.wa.gov.au"
  },
  {
    "Suburb": "Mount Hawthorn",
    "LGA": "City of Vincent",
    "Email": "trolleyreports@vincent.wa.gov.au"
  },
  {
    "Suburb": "North Perth",
    "LGA": "City of Vincent",
    "Email": "trolleyreports@vincent.wa.gov.au"
  },
  {
    "Suburb": "Alexander Heights",
    "LGA": "City of Wanneroo",
    "Email": "trolleyreports@wanneroo.wa.gov.au"
  },
  {
    "Suburb": "Alkimos",
    "LGA": "City of Wanneroo",
    "Email": "trolleyreports@wanneroo.wa.gov.au"
  },
  {
    "Suburb": "Ashby",
    "LGA": "City of Wanneroo",
    "Email": "trolleyreports@wanneroo.wa.gov.au"
  },
  {
    "Suburb": "Banksia Grove",
    "LGA": "City of Wanneroo",
    "Email": "trolleyreports@wanneroo.wa.gov.au"
  },
  {
    "Suburb": "Butler",
    "LGA": "City of Wanneroo",
    "Email": "trolleyreports@wanneroo.wa.gov.au"
  },
  {
    "Suburb": "Carabooda",
    "LGA": "City of Wanneroo",
    "Email": "trolleyreports@wanneroo.wa.gov.au"
  },
  {
    "Suburb": "Carramar",
    "LGA": "City of Wanneroo",
    "Email": "trolleyreports@wanneroo.wa.gov.au"
  },
  {
    "Suburb": "Clarkson",
    "LGA": "City of Wanneroo",
    "Email": "trolleyreports@wanneroo.wa.gov.au"
  },
  {
    "Suburb": "Darch",
    "LGA": "City of Wanneroo",
    "Email": "trolleyreports@wanneroo.wa.gov.au"
  },
  {
    "Suburb": "Eglinton",
    "LGA": "City of Wanneroo",
    "Email": "trolleyreports@wanneroo.wa.gov.au"
  },
  {
    "Suburb": "Girrawheen",
    "LGA": "City of Wanneroo",
    "Email": "trolleyreports@wanneroo.wa.gov.au"
  },
  {
    "Suburb": "Gnangara",
    "LGA": "City of Wanneroo",
    "Email": "trolleyreports@wanneroo.wa.gov.au"
  },
  {
    "Suburb": "Hocking",
    "LGA": "City of Wanneroo",
    "Email": "trolleyreports@wanneroo.wa.gov.au"
  },
  {
    "Suburb": "Jandabup",
    "LGA": "City of Wanneroo",
    "Email": "trolleyreports@wanneroo.wa.gov.au"
  },
  {
    "Suburb": "Jindalee",
    "LGA": "City of Wanneroo",
    "Email": "trolleyreports@wanneroo.wa.gov.au"
  },
  {
    "Suburb": "Koondoola",
    "LGA": "City of Wanneroo",
    "Email": "trolleyreports@wanneroo.wa.gov.au"
  },
  {
    "Suburb": "Landsdale",
    "LGA": "City of Wanneroo",
    "Email": "trolleyreports@wanneroo.wa.gov.au"
  },
  {
    "Suburb": "Madeley",
    "LGA": "City of Wanneroo",
    "Email": "trolleyreports@wanneroo.wa.gov.au"
  },
  {
    "Suburb": "Marangaroo",
    "LGA": "City of Wanneroo",
    "Email": "trolleyreports@wanneroo.wa.gov.au"
  },
  {
    "Suburb": "Mariginiup",
    "LGA": "City of Wanneroo",
    "Email": "trolleyreports@wanneroo.wa.gov.au"
  },
  {
    "Suburb": "Merriwa",
    "LGA": "City of Wanneroo",
    "Email": "trolleyreports@wanneroo.wa.gov.au"
  },
  {
    "Suburb": "Mindarie",
    "LGA": "City of Wanneroo",
    "Email": "trolleyreports@wanneroo.wa.gov.au"
  },
  {
    "Suburb": "Neerabup",
    "LGA": "City of Wanneroo",
    "Email": "trolleyreports@wanneroo.wa.gov.au"
  },
  {
    "Suburb": "Nowergup",
    "LGA": "City of Wanneroo",
    "Email": "trolleyreports@wanneroo.wa.gov.au"
  },
  {
    "Suburb": "Pearsall",
    "LGA": "City of Wanneroo",
    "Email": "trolleyreports@wanneroo.wa.gov.au"
  },
  {
    "Suburb": "Pinjar",
    "LGA": "City of Wanneroo",
    "Email": "trolleyreports@wanneroo.wa.gov.au"
  },
  {
    "Suburb": "Quinns Rocks",
    "LGA": "City of Wanneroo",
    "Email": "trolleyreports@wanneroo.wa.gov.au"
  },
  {
    "Suburb": "Ridgewood",
    "LGA": "City of Wanneroo",
    "Email": "trolleyreports@wanneroo.wa.gov.au"
  },
  {
    "Suburb": "Sinagra",
    "LGA": "City of Wanneroo",
    "Email": "trolleyreports@wanneroo.wa.gov.au"
  },
  {
    "Suburb": "Tamala Park",
    "LGA": "City of Wanneroo",
    "Email": "trolleyreports@wanneroo.wa.gov.au"
  },
  {
    "Suburb": "Tapping",
    "LGA": "City of Wanneroo",
    "Email": "trolleyreports@wanneroo.wa.gov.au"
  },
  {
    "Suburb": "Two Rocks",
    "LGA": "City of Wanneroo",
    "Email": "trolleyreports@wanneroo.wa.gov.au"
  },
  {
    "Suburb": "Wangara",
    "LGA": "City of Wanneroo",
    "Email": "trolleyreports@wanneroo.wa.gov.au"
  },
  {
    "Suburb": "Wanneroo",
    "LGA": "City of Wanneroo",
    "Email": "trolleyreports@wanneroo.wa.gov.au"
  },
  {
    "Suburb": "Yanchep",
    "LGA": "City of Wanneroo",
    "Email": "trolleyreports@wanneroo.wa.gov.au"
  }
]