{
  "City of Armadale": {
    "LGAFullName": "City of Armadale",
    "Email": "info@armadale.wa.gov.au"
  },
  "Town of Bassendean": {
    "LGAFullName": "Town of Bassendean",
    "Email": "mail@bassendean.wa.gov.au"
  },
  "City of Bayswater": {
    "LGAFullName": "City of Bayswater",
    "Email": "mail@bayswater.wa.gov.au"
  },
  "City of Belmont": {
    "LGAFullName": "City of Belmont",
    "Email": "belmont@belmont.wa.gov.au"
  },
  "Town of Cambridge": {
    "LGAFullName": "Town of Cambridge",
    "Email": "mail@cambridge.wa.gov.au"
  },
  "City of Canning": {
    "LGAFullName": "City of Canning",
    "Email": "customer@canning.wa.gov.au;safecommunities@canning.wa.gov.au;rates@canning.wa.gov.au;worksnotification@canning.wa.gov.au"
  },
  "Town of Claremont": {
    "LGAFullName": "Town of Claremont",
    "Email": "toc@claremont.wa.gov.au"
  },
  "City of Cockburn": {
    "LGAFullName": "City of Cockburn",
    "Email": "customer@cockburn.wa.gov.au"
  },
  "Town of Cottesloe": {
    "LGAFullName": "Town of Cottesloe",
    "Email": "council@cottesloe.wa.gov.au"
  },
  "Town of East Fremantle": {
    "LGAFullName": "Town of East Fremantle",
    "Email": "admin@eastfremantle.wa.gov.au"
  },
  "City of Fremantle": {
    "LGAFullName": "City of Fremantle",
    "Email": "info@fremantle.wa.gov.au"
  },
  "City of Gosnells": {
    "LGAFullName": "City of Gosnells",
    "Email": "council@gosnells.wa.gov.au"
  },
  "City of Joondalup": {
    "LGAFullName": "City of Joondalup",
    "Email": "info@joondalup.wa.gov.au"
  },
  "City of Kalamunda": {
    "LGAFullName": "City of Kalamunda",
    "Email": "enquiries@kalamunda.wa.gov.au"
  },
  "City of Kwinana": {
    "LGAFullName": "City of Kwinana",
    "Email": "admin@kwinana.wa.gov.au"
  },
  "City of Melville": {
    "LGAFullName": "City of Melville",
    "Email": "melinfo@melville.wa.gov.au"
  },
  "Town of Mosman Park": {
    "LGAFullName": "Town of Mosman Park",
    "Email": "admin@mosmanpark.wa.gov.au"
  },
  "Shire of Mundaring": {
    "LGAFullName": "Shire of Mundaring",
    "Email": "shire@mundaring.wa.gov.au"
  },
  "Shire of Murray": {
    "LGAFullName": "Shire of Murray",
    "Email": "mailbag@murray.wa.gov.au"
  },
  "City of Nedlands": {
    "LGAFullName": "City of Nedlands",
    "Email": "council@nedlands.wa.gov.au"
  },
  "Shire of Peppermint Grove": {
    "LGAFullName": "Shire of Peppermint Grove",
    "Email": "admin@peppermintgrove.wa.gov.au"
  },
  "City of Perth": {
    "LGAFullName": "City of Perth",
    "Email": "info@cityofperth.wa.gov.au"
  },
  "City of Rockingham": {
    "LGAFullName": "City of Rockingham",
    "Email": "customer@rockingham.wa.gov.au"
  },
  "Shire of Serpentine-Jarrahdale": {
    "LGAFullName": "Shire of Serpentine-Jarrahdale",
    "Email": "info@sjshire.wa.gov.au"
  },
  "City of South Perth": {
    "LGAFullName": "City of South Perth",
    "Email": "enquiries@southperth.wa.gov.au"
  },
  "City of Stirling": {
    "LGAFullName": "City of Stirling",
    "Email": "stirling@stirling.wa.gov.au"
  },
  "City of Subiaco": {
    "LGAFullName": "City of Subiaco",
    "Email": "city@subiaco.wa.gov.au"
  },
  "City of Swan": {
    "LGAFullName": "City of Swan",
    "Email": "swan@swan.wa.gov.au"
  },
  "Town of Victoria Park": {
    "LGAFullName": "Town of Victoria Park",
    "Email": "admin@vicpark.wa.gov.au"
  },
  "City of Vincent": {
    "LGAFullName": "City of Vincent",
    "Email": "mail@vincent.wa.gov.au"
  },
  "City of Wanneroo": {
    "LGAFullName": "City of Wanneroo",
    "Email": "enquiries@wanneroo.wa.gov.au"
  }
}