[
  { "Suburb": "Armadale", "LGAKey": "City of Armadale" },
  { "Suburb": "Ashendon", "LGAKey": "City of Armadale" },
  { "Suburb": "Bedfordale", "LGAKey": "City of Armadale" },
  { "Suburb": "Brookdale", "LGAKey": "City of Armadale" },
  { "Suburb": "Camillo", "LGAKey": "City of Armadale" },
  { "Suburb": "Champion Lakes", "LGAKey": "City of Armadale" },
  { "Suburb": "Doobarda", "LGAKey": "City of Armadale" },
  { "Suburb": "Forrestdale", "LGAKey": "City of Armadale" },
  { "Suburb": "Harrisdale", "LGAKey": "City of Armadale" },
  { "Suburb": "Haynes", "LGAKey": "City of Armadale" },
  { "Suburb": "Hilbert", "LGAKey": "City of Armadale" },
  { "Suburb": "Karragullen", "LGAKey": "City of Armadale" },
  { "Suburb": "Kelmscott", "LGAKey": "City of Armadale" },
  { "Suburb": "Mount Nasura", "LGAKey": "City of Armadale" },
  { "Suburb": "Mount Richon", "LGAKey": "City of Armadale" },
  { "Suburb": "Piara Waters", "LGAKey": "City of Armadale" },
  { "Suburb": "Roleystone", "LGAKey": "City of Armadale" },
  { "Suburb": "Seville Grove", "LGAKey": "City of Armadale" },
  { "Suburb": "Wungong", "LGAKey": "City of Armadale" },
  { "Suburb": "Ashfield", "LGAKey": "Town of Bassendean" },
  { "Suburb": "Bassendean", "LGAKey": "Town of Bassendean" },
  { "Suburb": "Eden Hill", "LGAKey": "Town of Bassendean" },
  { "Suburb": "Bayswater", "LGAKey": "City of Bayswater" },
  { "Suburb": "Bedford", "LGAKey": "City of Bayswater" },
  { "Suburb": "Embleton", "LGAKey": "City of Bayswater" },
  { "Suburb": "Maylands", "LGAKey": "City of Bayswater" },
  { "Suburb": "Morley", "LGAKey": "City of Bayswater" },
  { "Suburb": "Mount Lawley", "LGAKey": "City of Bayswater" },
  { "Suburb": "Noranda", "LGAKey": "City of Bayswater" },
  { "Suburb": "Ascot", "LGAKey": "City of Belmont" },
  { "Suburb": "Belmont", "LGAKey": "City of Belmont" },
  { "Suburb": "Cloverdale", "LGAKey": "City of Belmont" },
  { "Suburb": "Kewdale", "LGAKey": "City of Belmont" },
  { "Suburb": "Perth Airport", "LGAKey": "City of Belmont" },
  { "Suburb": "Redcliffe", "LGAKey": "City of Belmont" },
  { "Suburb": "Rivervale", "LGAKey": "City of Belmont" },
  { "Suburb": "City Beach", "LGAKey": "Town of Cambridge" },
  { "Suburb": "Floreat", "LGAKey": "Town of Cambridge" },
  { "Suburb": "Jolimont", "LGAKey": "Town of Cambridge" },
  { "Suburb": "Mount Claremont", "LGAKey": "Town of Cambridge" },
  { "Suburb": "Subiaco", "LGAKey": "City of Subiaco" },
  { "Suburb": "Wembley", "LGAKey": "Town of Cambridge" },
  { "Suburb": "Wembley Downs", "LGAKey": "Town of Cambridge" },
  { "Suburb": "West Leederville", "LGAKey": "Town of Cambridge" },
  { "Suburb": "Bentley", "LGAKey": "City of Canning" },
  { "Suburb": "Canning Vale", "LGAKey": "City of Canning" },
  { "Suburb": "Cannington", "LGAKey": "City of Canning" },
  { "Suburb": "East Cannington", "LGAKey": "City of Canning" },
  { "Suburb": "Ferndale", "LGAKey": "City of Canning" },
  { "Suburb": "Leeming", "LGAKey": "City of Canning" },
  { "Suburb": "Lynwood", "LGAKey": "City of Canning" },
  { "Suburb": "Parkwood", "LGAKey": "City of Canning" },
  { "Suburb": "Queens Park", "LGAKey": "City of Canning" },
  { "Suburb": "Riverton", "LGAKey": "City of Canning" },
  { "Suburb": "Rossmoyne", "LGAKey": "City of Canning" },
  { "Suburb": "Shelley", "LGAKey": "City of Canning" },
  { "Suburb": "St James", "LGAKey": "City of Canning" },
  { "Suburb": "Welshpool", "LGAKey": "City of Canning" },
  { "Suburb": "Willetton", "LGAKey": "City of Canning" },
  { "Suburb": "Wilson", "LGAKey": "City of Canning" },
  { "Suburb": "Claremont", "LGAKey": "Town of Claremont" },
  { "Suburb": "Swanbourne", "LGAKey": "Town of Claremont" },
  { "Suburb": "Atwell", "LGAKey": "City of Cockburn" },
  { "Suburb": "Aubin Grove", "LGAKey": "City of Cockburn" },
  { "Suburb": "Banjup", "LGAKey": "City of Cockburn" },
  { "Suburb": "Beeliar", "LGAKey": "City of Cockburn" },
  { "Suburb": "Bibra Lake", "LGAKey": "City of Cockburn" },
  { "Suburb": "Cockburn Central", "LGAKey": "City of Cockburn" },
  { "Suburb": "Coogee", "LGAKey": "City of Cockburn" },
  { "Suburb": "Coolbellup", "LGAKey": "City of Cockburn" },
  { "Suburb": "Hamilton Hill", "LGAKey": "City of Cockburn" },
  { "Suburb": "Hammond Park", "LGAKey": "City of Cockburn" },
  { "Suburb": "Henderson", "LGAKey": "City of Cockburn" },
  { "Suburb": "Jandakot", "LGAKey": "City of Cockburn" },
  { "Suburb": "Lake Coogee", "LGAKey": "City of Cockburn" },
  { "Suburb": "Munster", "LGAKey": "City of Cockburn" },
  { "Suburb": "North Coogee", "LGAKey": "City of Cockburn" },
  { "Suburb": "North Lake", "LGAKey": "City of Cockburn" },
  { "Suburb": "Rottnest Island", "LGAKey": "City of Cockburn" },
  { "Suburb": "South Lake", "LGAKey": "City of Cockburn" },
  { "Suburb": "Spearwood", "LGAKey": "City of Cockburn" },
  { "Suburb": "Success", "LGAKey": "City of Cockburn" },
  { "Suburb": "Treeby", "LGAKey": "City of Cockburn" },
  { "Suburb": "Wattleup", "LGAKey": "City of Cockburn" },
  { "Suburb": "Yangebup", "LGAKey": "City of Cockburn" },
  { "Suburb": "Cottesloe", "LGAKey": "Town of Cottesloe" },
  { "Suburb": "East Fremantle", "LGAKey": "Town of East Fremantle" },
  { "Suburb": "Beaconsfield", "LGAKey": "City of Fremantle" },
  { "Suburb": "Fremantle", "LGAKey": "City of Fremantle" },
  { "Suburb": "Hilton", "LGAKey": "City of Fremantle" },
  { "Suburb": "North Fremantle", "LGAKey": "City of Fremantle" },
  { "Suburb": "O'Connor", "LGAKey": "City of Fremantle" },
  { "Suburb": "Samson", "LGAKey": "City of Fremantle" },
  { "Suburb": "South Fremantle", "LGAKey": "City of Fremantle" },
  { "Suburb": "White Gum Valley", "LGAKey": "City of Fremantle" },
  { "Suburb": "Beckenham", "LGAKey": "City of Gosnells" },
  { "Suburb": "Gosnells", "LGAKey": "City of Gosnells" },
  { "Suburb": "Huntingdale", "LGAKey": "City of Gosnells" },
  { "Suburb": "Kenwick", "LGAKey": "City of Gosnells" },
  { "Suburb": "Langford", "LGAKey": "City of Gosnells" },
  { "Suburb": "Maddington", "LGAKey": "City of Gosnells" },
  { "Suburb": "Martin", "LGAKey": "City of Gosnells" },
  { "Suburb": "Orange Grove", "LGAKey": "City of Gosnells" },
  { "Suburb": "Southern River", "LGAKey": "City of Gosnells" },
  { "Suburb": "Thornlie", "LGAKey": "City of Gosnells" },
  { "Suburb": "Beldon", "LGAKey": "City of Joondalup" },
  { "Suburb": "Burns Beach", "LGAKey": "City of Joondalup" },
  { "Suburb": "Connolly", "LGAKey": "City of Joondalup" },
  { "Suburb": "Craigie", "LGAKey": "City of Joondalup" },
  { "Suburb": "Currambine", "LGAKey": "City of Joondalup" },
  { "Suburb": "Duncraig", "LGAKey": "City of Joondalup" },
  { "Suburb": "Edgewater", "LGAKey": "City of Joondalup" },
  { "Suburb": "Greenwood", "LGAKey": "City of Joondalup" },
  { "Suburb": "Heathridge", "LGAKey": "City of Joondalup" },
  { "Suburb": "Hillarys", "LGAKey": "City of Joondalup" },
  { "Suburb": "Iluka", "LGAKey": "City of Joondalup" },
  { "Suburb": "Joondalup", "LGAKey": "City of Joondalup" },
  { "Suburb": "Kallaroo", "LGAKey": "City of Joondalup" },
  { "Suburb": "Kingsley", "LGAKey": "City of Joondalup" },
  { "Suburb": "Kinross", "LGAKey": "City of Joondalup" },
  { "Suburb": "Marmion", "LGAKey": "City of Joondalup" },
  { "Suburb": "Mullaloo", "LGAKey": "City of Joondalup" },
  { "Suburb": "Ocean Reef", "LGAKey": "City of Joondalup" },
  { "Suburb": "Padbury", "LGAKey": "City of Joondalup" },
  { "Suburb": "Sorrento", "LGAKey": "City of Joondalup" },
  { "Suburb": "Warwick", "LGAKey": "City of Joondalup" },
  { "Suburb": "Woodvale", "LGAKey": "City of Joondalup" },
  { "Suburb": "Bickley", "LGAKey": "City of Kalamunda" },
  { "Suburb": "Canning Mills", "LGAKey": "City of Kalamunda" },
  { "Suburb": "Carmel", "LGAKey": "City of Kalamunda" },
  { "Suburb": "Forrestfield", "LGAKey": "City of Kalamunda" },
  { "Suburb": "Gooseberry Hill", "LGAKey": "City of Kalamunda" },
  { "Suburb": "Hacketts Gully", "LGAKey": "City of Kalamunda" },
  { "Suburb": "High Wycombe", "LGAKey": "City of Kalamunda" },
  { "Suburb": "Kalamunda", "LGAKey": "City of Kalamunda" },
  { "Suburb": "Lesmurdie", "LGAKey": "City of Kalamunda" },
  { "Suburb": "Maida Vale", "LGAKey": "City of Kalamunda" },
  { "Suburb": "Paulls Valley", "LGAKey": "City of Kalamunda" },
  { "Suburb": "Pickering Brook", "LGAKey": "City of Kalamunda" },
  { "Suburb": "Piesse Brook", "LGAKey": "City of Kalamunda" },
  { "Suburb": "Reservoir", "LGAKey": "City of Kalamunda" },
  { "Suburb": "Walliston", "LGAKey": "City of Kalamunda" },
  { "Suburb": "Wattle Grove", "LGAKey": "City of Kalamunda" },
  { "Suburb": "Anketell", "LGAKey": "City of Kwinana" },
  { "Suburb": "Bertram", "LGAKey": "City of Kwinana" },
  { "Suburb": "Calista", "LGAKey": "City of Kwinana" },
  { "Suburb": "Casuarina", "LGAKey": "City of Kwinana" },
  { "Suburb": "Hope Valley", "LGAKey": "City of Kwinana" },
  { "Suburb": "Kwinana Beach", "LGAKey": "City of Kwinana" },
  { "Suburb": "Kwinana Town Centre", "LGAKey": "City of Kwinana" },
  { "Suburb": "Leda", "LGAKey": "City of Kwinana" },
  { "Suburb": "Mandogalup", "LGAKey": "City of Kwinana" },
  { "Suburb": "Medina", "LGAKey": "City of Kwinana" },
  { "Suburb": "Naval Base", "LGAKey": "City of Kwinana" },
  { "Suburb": "Orelia", "LGAKey": "City of Kwinana" },
  { "Suburb": "Parmelia", "LGAKey": "City of Kwinana" },
  { "Suburb": "Postans", "LGAKey": "City of Kwinana" },
  { "Suburb": "The Spectacles", "LGAKey": "City of Kwinana" },
  { "Suburb": "Wandi", "LGAKey": "City of Kwinana" },
  { "Suburb": "Wellard", "LGAKey": "City of Kwinana" },
  { "Suburb": "Alfred Cove", "LGAKey": "City of Melville" },
  { "Suburb": "Applecross", "LGAKey": "City of Melville" },
  { "Suburb": "Ardross", "LGAKey": "City of Melville" },
  { "Suburb": "Attadale", "LGAKey": "City of Melville" },
  { "Suburb": "Bateman", "LGAKey": "City of Melville" },
  { "Suburb": "Bicton", "LGAKey": "City of Melville" },
  { "Suburb": "Booragoon", "LGAKey": "City of Melville" },
  { "Suburb": "Brentwood", "LGAKey": "City of Melville" },
  { "Suburb": "Bull Creek", "LGAKey": "City of Melville" },
  { "Suburb": "Kardinya", "LGAKey": "City of Melville" },
  { "Suburb": "Melville", "LGAKey": "City of Melville" },
  { "Suburb": "Mount Pleasant", "LGAKey": "City of Melville" },
  { "Suburb": "Murdoch", "LGAKey": "City of Melville" },
  { "Suburb": "Myaree", "LGAKey": "City of Melville" },
  { "Suburb": "Palmyra", "LGAKey": "City of Melville" },
  { "Suburb": "Willagee", "LGAKey": "City of Melville" },
  { "Suburb": "Winthrop", "LGAKey": "City of Melville" },
  { "Suburb": "Mosman Park", "LGAKey": "Town of Mosman Park" },
  { "Suburb": "Bailup", "LGAKey": "Shire of Mundaring" },
  { "Suburb": "Beechina", "LGAKey": "Shire of Mundaring" },
  { "Suburb": "Bellevue", "LGAKey": "Shire of Mundaring" },
  { "Suburb": "Boya", "LGAKey": "Shire of Mundaring" },
  { "Suburb": "Chidlow", "LGAKey": "Shire of Mundaring" },
  { "Suburb": "Darlington", "LGAKey": "Shire of Mundaring" },
  { "Suburb": "Glen Forrest", "LGAKey": "Shire of Mundaring" },
  { "Suburb": "Gorrie", "LGAKey": "Shire of Mundaring" },
  { "Suburb": "Greenmount", "LGAKey": "Shire of Mundaring" },
  { "Suburb": "Helena Valley", "LGAKey": "Shire of Mundaring" },
  { "Suburb": "Hovea", "LGAKey": "Shire of Mundaring" },
  { "Suburb": "Mahogany Creek", "LGAKey": "Shire of Mundaring" },
  { "Suburb": "Midvale", "LGAKey": "Shire of Mundaring" },
  { "Suburb": "Mount Helena", "LGAKey": "Shire of Mundaring" },
  { "Suburb": "Mundaring", "LGAKey": "Shire of Mundaring" },
  { "Suburb": "Parkerville", "LGAKey": "Shire of Mundaring" },
  { "Suburb": "Sawyers Valley", "LGAKey": "Shire of Mundaring" },
  { "Suburb": "Stoneville", "LGAKey": "Shire of Mundaring" },
  { "Suburb": "Swan View", "LGAKey": "Shire of Mundaring" },
  { "Suburb": "The Lakes", "LGAKey": "Shire of Mundaring" },
  { "Suburb": "Wooroloo", "LGAKey": "Shire of Mundaring" },
  { "Suburb": "Keralup", "LGAKey": "Shire of Murray" },
  { "Suburb": "Dalkeith", "LGAKey": "City of Nedlands" },
  { "Suburb": "Karrakatta", "LGAKey": "City of Nedlands" },
  { "Suburb": "Nedlands", "LGAKey": "City of Nedlands" },
  { "Suburb": "Shenton Park", "LGAKey": "City of Nedlands" },
  { "Suburb": "Peppermint Grove", "LGAKey": "Shire of Peppermint Grove" },
  { "Suburb": "Crawley", "LGAKey": "City of Perth" },
  { "Suburb": "East Perth", "LGAKey": "City of Perth" },
  { "Suburb": "Northbridge", "LGAKey": "City of Perth" },
  { "Suburb": "Perth", "LGAKey": "City of Perth" },
  { "Suburb": "West Perth", "LGAKey": "City of Perth" },
  { "Suburb": "Baldivis", "LGAKey": "City of Rockingham" },
  { "Suburb": "Cooloongup", "LGAKey": "City of Rockingham" },
  { "Suburb": "East Rockingham", "LGAKey": "City of Rockingham" },
  { "Suburb": "Garden Island", "LGAKey": "City of Rockingham" },
  { "Suburb": "Golden Bay", "LGAKey": "City of Rockingham" },
  { "Suburb": "Hillman", "LGAKey": "City of Rockingham" },
  { "Suburb": "Karnup", "LGAKey": "City of Rockingham" },
  { "Suburb": "Peron", "LGAKey": "City of Rockingham" },
  { "Suburb": "Port Kennedy", "LGAKey": "City of Rockingham" },
  { "Suburb": "Rockingham", "LGAKey": "City of Rockingham" },
  { "Suburb": "Safety Bay", "LGAKey": "City of Rockingham" },
  { "Suburb": "Secret Harbour", "LGAKey": "City of Rockingham" },
  { "Suburb": "Shoalwater", "LGAKey": "City of Rockingham" },
  { "Suburb": "Singleton", "LGAKey": "City of Rockingham" },
  { "Suburb": "Waikiki", "LGAKey": "City of Rockingham" },
  { "Suburb": "Warnbro", "LGAKey": "City of Rockingham" },
  { "Suburb": "Byford", "LGAKey": "Shire of Serpentine-Jarrahdale" },
  { "Suburb": "Cardup", "LGAKey": "Shire of Serpentine-Jarrahdale" },
  { "Suburb": "Darling Downs", "LGAKey": "Shire of Serpentine-Jarrahdale" },
  { "Suburb": "Hopeland", "LGAKey": "Shire of Serpentine-Jarrahdale" },
  { "Suburb": "Jarrahdale", "LGAKey": "Shire of Serpentine-Jarrahdale" },
  { "Suburb": "Karrakup", "LGAKey": "Shire of Serpentine-Jarrahdale" },
  { "Suburb": "Keysbrook", "LGAKey": "Shire of Serpentine-Jarrahdale" },
  { "Suburb": "Mardella", "LGAKey": "Shire of Serpentine-Jarrahdale" },
  { "Suburb": "Mundijong", "LGAKey": "Shire of Serpentine-Jarrahdale" },
  { "Suburb": "Oakford", "LGAKey": "Shire of Serpentine-Jarrahdale" },
  { "Suburb": "Oldbury", "LGAKey": "Shire of Serpentine-Jarrahdale" },
  { "Suburb": "Serpentine", "LGAKey": "Shire of Serpentine-Jarrahdale" },
  { "Suburb": "Whitby", "LGAKey": "Shire of Serpentine-Jarrahdale" },
  { "Suburb": "Como", "LGAKey": "City of South Perth" },
  { "Suburb": "Karawara", "LGAKey": "City of South Perth" },
  { "Suburb": "Kensington", "LGAKey": "City of South Perth" },
  { "Suburb": "Manning", "LGAKey": "City of South Perth" },
  { "Suburb": "Salter Point", "LGAKey": "City of South Perth" },
  { "Suburb": "South Perth", "LGAKey": "City of South Perth" },
  { "Suburb": "Waterford", "LGAKey": "City of South Perth" },
  { "Suburb": "Balcatta", "LGAKey": "City of Stirling" },
  { "Suburb": "Balga", "LGAKey": "City of Stirling" },
  { "Suburb": "Carine", "LGAKey": "City of Stirling" },
  { "Suburb": "Churchlands", "LGAKey": "City of Stirling" },
  { "Suburb": "Coolbinia", "LGAKey": "City of Stirling" },
  { "Suburb": "Dianella", "LGAKey": "City of Stirling" },
  { "Suburb": "Doubleview", "LGAKey": "City of Stirling" },
  { "Suburb": "Glendalough", "LGAKey": "City of Stirling" },
  { "Suburb": "Gwelup", "LGAKey": "City of Stirling" },
  { "Suburb": "Hamersley", "LGAKey": "City of Stirling" },
  { "Suburb": "Herdsman", "LGAKey": "City of Stirling" },
  { "Suburb": "Inglewood", "LGAKey": "City of Stirling" },
  { "Suburb": "Innaloo", "LGAKey": "City of Stirling" },
  { "Suburb": "Joondanna", "LGAKey": "City of Stirling" },
  { "Suburb": "Karrinyup", "LGAKey": "City of Stirling" },
  { "Suburb": "Menora", "LGAKey": "City of Stirling" },
  { "Suburb": "Mirrabooka", "LGAKey": "City of Stirling" },
  { "Suburb": "Nollamara", "LGAKey": "City of Stirling" },
  { "Suburb": "North Beach", "LGAKey": "City of Stirling" },
  { "Suburb": "Osborne Park", "LGAKey": "City of Stirling" },
  { "Suburb": "Scarborough", "LGAKey": "City of Stirling" },
  { "Suburb": "Stirling", "LGAKey": "City of Stirling" },
  { "Suburb": "Trigg", "LGAKey": "City of Stirling" },
  { "Suburb": "Tuart Hill", "LGAKey": "City of Stirling" },
  { "Suburb": "Watermans Bay", "LGAKey": "City of Stirling" },
  { "Suburb": "Westminster", "LGAKey": "City of Stirling" },
  { "Suburb": "Woodlands", "LGAKey": "City of Stirling" },
  { "Suburb": "Yokine", "LGAKey": "City of Stirling" },
  { "Suburb": "Daglish", "LGAKey": "City of Subiaco" },
  { "Suburb": "Aveley", "LGAKey": "City of Swan" },
  { "Suburb": "Ballajura", "LGAKey": "City of Swan" },
  { "Suburb": "Baskerville", "LGAKey": "City of Swan" },
  { "Suburb": "Beechboro", "LGAKey": "City of Swan" },
  { "Suburb": "Belhus", "LGAKey": "City of Swan" },
  { "Suburb": "Bennett Springs", "LGAKey": "City of Swan" },
  { "Suburb": "Brabham", "LGAKey": "City of Swan" },
  { "Suburb": "Brigadoon", "LGAKey": "City of Swan" },
  { "Suburb": "Bullsbrook", "LGAKey": "City of Swan" },
  { "Suburb": "Bushmead", "LGAKey": "City of Swan" },
  { "Suburb": "Caversham", "LGAKey": "City of Swan" },
  { "Suburb": "Cullacabardee", "LGAKey": "City of Swan" },
  { "Suburb": "Dayton", "LGAKey": "City of Swan" },
  { "Suburb": "Ellenbrook", "LGAKey": "City of Swan" },
  { "Suburb": "Gidgegannup", "LGAKey": "City of Swan" },
  { "Suburb": "Guildford", "LGAKey": "City of Swan" },
  { "Suburb": "Hazelmere", "LGAKey": "City of Swan" },
  { "Suburb": "Henley Brook", "LGAKey": "City of Swan" },
  { "Suburb": "Herne Hill", "LGAKey": "City of Swan" },
  { "Suburb": "Jane Brook", "LGAKey": "City of Swan" },
  { "Suburb": "Kiara", "LGAKey": "City of Swan" },
  { "Suburb": "Koongamia", "LGAKey": "City of Swan" },
  { "Suburb": "Lexia", "LGAKey": "City of Swan" },
  { "Suburb": "Lockridge", "LGAKey": "City of Swan" },
  { "Suburb": "Malaga", "LGAKey": "City of Swan" },
  { "Suburb": "Melaleuca", "LGAKey": "City of Swan" },
  { "Suburb": "Middle Swan", "LGAKey": "City of Swan" },
  { "Suburb": "Midland", "LGAKey": "City of Swan" },
  { "Suburb": "Millendon", "LGAKey": "City of Swan" },
  { "Suburb": "Red Hill", "LGAKey": "City of Swan" },
  { "Suburb": "South Guildford", "LGAKey": "City of Swan" },
  { "Suburb": "Stratton", "LGAKey": "City of Swan" },
  { "Suburb": "The Vines", "LGAKey": "City of Swan" },
  { "Suburb": "Upper Swan", "LGAKey": "City of Swan" },
  { "Suburb": "Viveash", "LGAKey": "City of Swan" },
  { "Suburb": "West Swan", "LGAKey": "City of Swan" },
  { "Suburb": "Whiteman", "LGAKey": "City of Swan" },
  { "Suburb": "Woodbridge", "LGAKey": "City of Swan" },
  { "Suburb": "Burswood", "LGAKey": "Town of Victoria Park" },
  { "Suburb": "Carlisle", "LGAKey": "Town of Victoria Park" },
  { "Suburb": "East Victoria Park", "LGAKey": "Town of Victoria Park" },
  { "Suburb": "Lathlain", "LGAKey": "Town of Victoria Park" },
  { "Suburb": "Victoria Park", "LGAKey": "Town of Victoria Park" },
  { "Suburb": "Highgate", "LGAKey": "City of Vincent" },
  { "Suburb": "Leederville", "LGAKey": "City of Vincent" },
  { "Suburb": "Mount Hawthorn", "LGAKey": "City of Vincent" },
  { "Suburb": "North Perth", "LGAKey": "City of Vincent" },
  { "Suburb": "Alexander Heights", "LGAKey": "City of Wanneroo" },
  { "Suburb": "Alkimos", "LGAKey": "City of Wanneroo" },
  { "Suburb": "Ashby", "LGAKey": "City of Wanneroo" },
  { "Suburb": "Banksia Grove", "LGAKey": "City of Wanneroo" },
  { "Suburb": "Butler", "LGAKey": "City of Wanneroo" },
  { "Suburb": "Carabooda", "LGAKey": "City of Wanneroo" },
  { "Suburb": "Carramar", "LGAKey": "City of Wanneroo" },
  { "Suburb": "Clarkson", "LGAKey": "City of Wanneroo" },
  { "Suburb": "Darch", "LGAKey": "City of Wanneroo" },
  { "Suburb": "Eglinton", "LGAKey": "City of Wanneroo" },
  { "Suburb": "Girrawheen", "LGAKey": "City of Wanneroo" },
  { "Suburb": "Gnangara", "LGAKey": "City of Wanneroo" },
  { "Suburb": "Hocking", "LGAKey": "City of Wanneroo" },
  { "Suburb": "Jandabup", "LGAKey": "City of Wanneroo" },
  { "Suburb": "Jindalee", "LGAKey": "City of Wanneroo" },
  { "Suburb": "Koondoola", "LGAKey": "City of Wanneroo" },
  { "Suburb": "Landsdale", "LGAKey": "City of Wanneroo" },
  { "Suburb": "Madeley", "LGAKey": "City of Wanneroo" },
  { "Suburb": "Marangaroo", "LGAKey": "City of Wanneroo" },
  { "Suburb": "Mariginiup", "LGAKey": "City of Wanneroo" },
  { "Suburb": "Merriwa", "LGAKey": "City of Wanneroo" },
  { "Suburb": "Mindarie", "LGAKey": "City of Wanneroo" },
  { "Suburb": "Neerabup", "LGAKey": "City of Wanneroo" },
  { "Suburb": "Nowergup", "LGAKey": "City of Wanneroo" },
  { "Suburb": "Pearsall", "LGAKey": "City of Wanneroo" },
  { "Suburb": "Pinjar", "LGAKey": "City of Wanneroo" },
  { "Suburb": "Quinns Rocks", "LGAKey": "City of Wanneroo" },
  { "Suburb": "Ridgewood", "LGAKey": "City of Wanneroo" },
  { "Suburb": "Sinagra", "LGAKey": "City of Wanneroo" },
  { "Suburb": "Tamala Park", "LGAKey": "City of Wanneroo" },
  { "Suburb": "Tapping", "LGAKey": "City of Wanneroo" },
  { "Suburb": "Two Rocks", "LGAKey": "City of Wanneroo" },
  { "Suburb": "Wangara", "LGAKey": "City of Wanneroo" },
  { "Suburb": "Wanneroo", "LGAKey": "City of Wanneroo" },
  { "Suburb": "Yanchep", "LGAKey": "City of Wanneroo" }
]