[
    {
        "latitude": "-32.038275",
        "longitude": "115.909398",
        "timestamp": "2025-04-12T20:10:23",
        "brands": [
            "Woolworths"
        ],
        "conditions": {
            "Woolworths": [
                "Good Condition"
            ]
        },
        "clientSubmissionTimestamp": "12/4/25, 8:10 pm",
        "suburb": "Riverton",
        "state": "Western Australia",
        "serverTimestampUTC": "2025-04-12T12:10:30+00:00",
        "ipAddress": "45.248.78.30"
    },
    {
        "latitude": "-32.017536",
        "longitude": "115.934718",
        "timestamp": "2025-04-17T17:34:46",
        "brands": [
            "Woolworths"
        ],
        "comments": "Ampol petrol station ",
        "conditions": {
            "Woolworths": [
                "Good Condition"
            ]
        },
        "clientSubmissionTimestamp": "17/4/25, 5:35 pm",
        "suburb": "Cannington",
        "state": "Western Australia",
        "serverTimestampUTC": "2025-04-17T09:35:16+00:00",
        "ipAddress": "103.107.197.94"
    },
    {
        "latitude": "-32.020444",
        "longitude": "115.937609",
        "timestamp": "2025-04-17T17:36:22",
        "brands": [
            "Coles"
        ],
        "comments": "Near Albany HWY ",
        "conditions": {
            "Coles": [
                "Good Condition"
            ]
        },
        "clientSubmissionTimestamp": "17/4/25, 5:36 pm",
        "suburb": "Cannington",
        "state": "Western Australia",
        "serverTimestampUTC": "2025-04-17T09:36:39+00:00",
        "ipAddress": "103.107.197.94"
    },
    {
        "latitude": "-32.025722",
        "longitude": "115.942414",
        "timestamp": "2025-04-17T17:39:12",
        "brands": [
            "Coles"
        ],
        "comments": "Beside the hwy",
        "conditions": [],
        "clientSubmissionTimestamp": "17/4/25, 5:39 pm",
        "suburb": "Cannington",
        "state": "Western Australia",
        "serverTimestampUTC": "2025-04-17T09:39:34+00:00",
        "ipAddress": "103.107.197.94"
    },
    {
        "latitude": "-32.004262",
        "longitude": "115.920961",
        "timestamp": "2025-04-19T12:44:23",
        "brands": [
            "Woolworths"
        ],
        "conditions": {
            "Woolworths": [
                "Good Condition"
            ]
        },
        "clientSubmissionTimestamp": "19/4/25, 12:44 pm",
        "suburb": "Bentley",
        "state": "Western Australia",
        "serverTimestampUTC": "2025-04-19T04:44:38+00:00",
        "ipAddress": "103.107.197.92"
    },
    {
        "latitude": "-31.997120",
        "longitude": "115.915114",
        "timestamp": "2025-04-19T12:48:17",
        "brands": [
            "Bunnings"
        ],
        "conditions": {
            "Bunnings": [
                "Good Condition"
            ]
        },
        "clientSubmissionTimestamp": "19/4/25, 12:48 pm",
        "suburb": "St James",
        "state": "Western Australia",
        "serverTimestampUTC": "2025-04-19T04:48:24+00:00",
        "ipAddress": "103.107.197.92"
    },
    {
        "latitude": "-31.996931",
        "longitude": "115.915001",
        "timestamp": "2025-04-19T12:48:58",
        "brands": [
            "Coles"
        ],
        "conditions": {
            "Coles": [
                "Damaged Wheel(s)",
                "Other Damage"
            ]
        },
        "clientSubmissionTimestamp": "19/4/25, 12:49 pm",
        "suburb": "St James",
        "state": "Western Australia",
        "serverTimestampUTC": "2025-04-19T04:49:12+00:00",
        "ipAddress": "103.107.197.92"
    },
    {
        "latitude": "-31.983365",
        "longitude": "115.899118",
        "timestamp": "2025-04-19T12:55:59",
        "brands": [
            "Coles"
        ],
        "conditions": {
            "Coles": [
                "Good Condition"
            ]
        },
        "clientSubmissionTimestamp": "19/4/25, 12:56 pm",
        "suburb": "East Victoria Park",
        "state": "Western Australia",
        "serverTimestampUTC": "2025-04-19T04:56:08+00:00",
        "ipAddress": "103.107.197.92"
    },
    {
        "latitude": "-31.988565",
        "longitude": "115.900243",
        "timestamp": "2025-04-19T15:39:08",
        "brands": [
            "Coles"
        ],
        "comments": "x2",
        "conditions": {
            "Coles": [
                "Good Condition"
            ]
        },
        "clientSubmissionTimestamp": "19/4/25, 3:39 pm",
        "suburb": "East Victora Park",
        "state": "Western Australia",
        "serverTimestampUTC": "2025-04-19T07:39:22+00:00",
        "ipAddress": "103.107.197.92"
    },
    {
        "latitude": "-32.006651",
        "longitude": "115.915326",
        "timestamp": "2025-04-19T15:47:40",
        "brands": [
            "Kmart"
        ],
        "comments": "Corner ",
        "conditions": {
            "Kmart": [
                "Good Condition"
            ]
        },
        "clientSubmissionTimestamp": "19/4/25, 3:47 pm",
        "suburb": "Bentley",
        "state": "Western Australia",
        "serverTimestampUTC": "2025-04-19T07:47:53+00:00",
        "ipAddress": "103.107.197.92"
    },
    {
        "latitude": "-32.057606",
        "longitude": "115.956413",
        "timestamp": "2025-04-20T17:12:45",
        "brands": [
            "Coles"
        ],
        "comments": "Near the soccer club entrance ",
        "conditions": {
            "Coles": [
                "Good Condition"
            ]
        },
        "clientSubmissionTimestamp": "20/4/25, 5:13 pm",
        "suburb": "Thornlie",
        "state": "Western Australia",
        "serverTimestampUTC": "2025-04-20T09:13:28+00:00",
        "ipAddress": "103.107.197.92"
    },
    {
        "latitude": "-32.058345",
        "longitude": "115.957606",
        "timestamp": "2025-04-20T17:15:24",
        "brands": [
            "Woolworths"
        ],
        "conditions": {
            "Woolworths": [
                "Good Condition",
                "Needs Cleaning"
            ]
        },
        "clientSubmissionTimestamp": "20/4/25, 5:15 pm",
        "suburb": "Thornlie",
        "state": "Western Australia",
        "serverTimestampUTC": "2025-04-20T09:15:36+00:00",
        "ipAddress": "103.107.197.92"
    }
]